pt,session_id,start,end,TagId,TagLat,TagLng,Collar Type,,,
1,1,1/7/2022 11:00,1/7/2022 11:12,2D2A1E55,38.493538,-106.013764,predator,,,
1,2,1/7/2022 11:00,1/7/2022 11:12,52344C2D,38.493538,-106.013764,predator,,,
1,3,1/7/2022 11:00,1/7/2022 11:12,33343466,38.493538,-106.013764,predator,,,
1,4,1/7/2022 11:00,1/7/2022 11:12,52551E33,38.493538,-106.013764,rabbit new,,,
1,5,1/7/2022 11:00,1/7/2022 11:12,332A2D4B,38.493538,-106.013764,rabbit new,,,
1,6,1/7/2022 11:00,1/7/2022 11:12,78782A4B,38.493538,-106.013764,rabbit new,,,
1,7,1/7/2022 11:00,1/7/2022 11:12,2D191E2D,38.493538,-106.013764,rabbit,,,
1,8,1/7/2022 11:00,1/7/2022 11:12,614B4B78,38.493538,-106.013764,rabbit,,,
1,9,1/7/2022 11:00,1/7/2022 11:12,4B076661,38.493538,-106.013764,turkey,,,
2,10,1/7/2022 11:17,1/7/2022 11:24,2D2A1E55,38.494285,-106.01222,predator,,,
2,11,1/7/2022 11:17,1/7/2022 11:24,52344C2D,38.494285,-106.01222,predator,,,
2,12,1/7/2022 11:17,1/7/2022 11:24,33343466,38.494285,-106.01222,predator,,,
2,13,1/7/2022 11:17,1/7/2022 11:24,52551E33,38.494285,-106.01222,rabbit new,,,
2,14,1/7/2022 11:17,1/7/2022 11:24,332A2D4B,38.494285,-106.01222,rabbit new,,,
2,15,1/7/2022 11:17,1/7/2022 11:24,78782A4B,38.494285,-106.01222,rabbit new,,,
2,16,1/7/2022 11:17,1/7/2022 11:24,2D191E2D,38.494285,-106.01222,rabbit,,,
2,17,1/7/2022 11:17,1/7/2022 11:24,614B4B78,38.494285,-106.01222,rabbit,,,
2,18,1/7/2022 11:17,1/7/2022 11:24,4B076661,38.494285,-106.01222,turkey,,,
3,19,1/7/2022 11:29,1/7/2022 11:36,2D2A1E55,38.49543,-106.013256,predator,,,
3,20,1/7/2022 11:29,1/7/2022 11:36,52344C2D,38.49543,-106.013256,predator,,,
3,21,1/7/2022 11:29,1/7/2022 11:36,33343466,38.49543,-106.013256,predator,,,
3,22,1/7/2022 11:29,1/7/2022 11:36,52551E33,38.49543,-106.013256,rabbit new,,,
3,23,1/7/2022 11:29,1/7/2022 11:36,332A2D4B,38.49543,-106.013256,rabbit new,,,
3,24,1/7/2022 11:29,1/7/2022 11:36,78782A4B,38.49543,-106.013256,rabbit new,,,
3,25,1/7/2022 11:29,1/7/2022 11:36,2D191E2D,38.49543,-106.013256,rabbit,,,
3,26,1/7/2022 11:29,1/7/2022 11:36,614B4B78,38.49543,-106.013256,rabbit,,,
3,27,1/7/2022 11:29,1/7/2022 11:36,4B076661,38.49543,-106.013256,turkey,,,
4,28,1/7/2022 11:40,1/7/2022 11:48,2D2A1E55,38.494746,-106.014426,predator,,,
4,29,1/7/2022 11:40,1/7/2022 11:48,52344C2D,38.494746,-106.014426,predator,,,
4,30,1/7/2022 11:40,1/7/2022 11:48,33343466,38.494746,-106.014426,predator,,,
4,31,1/7/2022 11:40,1/7/2022 11:48,52551E33,38.494746,-106.014426,rabbit new,,,
4,32,1/7/2022 11:40,1/7/2022 11:48,332A2D4B,38.494746,-106.014426,rabbit new,,,
4,33,1/7/2022 11:40,1/7/2022 11:48,78782A4B,38.494746,-106.014426,rabbit new,,,
4,34,1/7/2022 11:40,1/7/2022 11:48,2D191E2D,38.494746,-106.014426,rabbit,,,
4,35,1/7/2022 11:40,1/7/2022 11:48,614B4B78,38.494746,-106.014426,rabbit,,,
4,36,1/7/2022 11:40,1/7/2022 11:48,4B076661,38.494746,-106.014426,turkey,,,
5,37,1/7/2022 11:53,1/7/2022 12:00,2D2A1E55,38.494969,-106.015645,predator,,,
5,38,1/7/2022 11:53,1/7/2022 12:00,52344C2D,38.494969,-106.015645,predator,,,
5,39,1/7/2022 11:53,1/7/2022 12:00,33343466,38.494969,-106.015645,predator,,,
5,40,1/7/2022 11:53,1/7/2022 12:00,52551E33,38.494969,-106.015645,rabbit new,,,
5,41,1/7/2022 11:53,1/7/2022 12:00,332A2D4B,38.494969,-106.015645,rabbit new,,,
5,42,1/7/2022 11:53,1/7/2022 12:00,78782A4B,38.494969,-106.015645,rabbit new,,,
5,43,1/7/2022 11:53,1/7/2022 12:00,2D191E2D,38.494969,-106.015645,rabbit,,,
5,44,1/7/2022 11:53,1/7/2022 12:00,614B4B78,38.494969,-106.015645,rabbit,,,
5,45,1/7/2022 11:53,1/7/2022 12:00,4B076661,38.494969,-106.015645,turkey,,,
6,46,1/7/2022 12:04,1/7/2022 12:13,2D2A1E55,38.496039,-106.015913,predator,,,
6,47,1/7/2022 12:04,1/7/2022 12:13,52344C2D,38.496039,-106.015913,predator,,,
6,48,1/7/2022 12:04,1/7/2022 12:13,33343466,38.496039,-106.015913,predator,,,
6,49,1/7/2022 12:04,1/7/2022 12:13,52551E33,38.496039,-106.015913,rabbit new,,,
6,50,1/7/2022 12:04,1/7/2022 12:13,332A2D4B,38.496039,-106.015913,rabbit new,,,
6,51,1/7/2022 12:04,1/7/2022 12:13,78782A4B,38.496039,-106.015913,rabbit new,,,
6,52,1/7/2022 12:04,1/7/2022 12:13,2D191E2D,38.496039,-106.015913,rabbit,,,
6,53,1/7/2022 12:04,1/7/2022 12:13,614B4B78,38.496039,-106.015913,rabbit,,,
6,54,1/7/2022 12:04,1/7/2022 12:13,4B076661,38.496039,-106.015913,turkey,,,
7,55,1/7/2022 12:17,1/7/2022 12:25,2D2A1E55,38.494933,-106.017376,predator,,,
7,56,1/7/2022 12:17,1/7/2022 12:25,52344C2D,38.494933,-106.017376,predator,,,
7,57,1/7/2022 12:17,1/7/2022 12:25,33343466,38.494933,-106.017376,predator,,,
7,58,1/7/2022 12:17,1/7/2022 12:25,52551E33,38.494933,-106.017376,rabbit new,,,
7,59,1/7/2022 12:17,1/7/2022 12:25,332A2D4B,38.494933,-106.017376,rabbit new,,,
7,60,1/7/2022 12:17,1/7/2022 12:25,78782A4B,38.494933,-106.017376,rabbit new,,,
7,61,1/7/2022 12:17,1/7/2022 12:25,2D191E2D,38.494933,-106.017376,rabbit,,,
7,62,1/7/2022 12:17,1/7/2022 12:25,614B4B78,38.494933,-106.017376,rabbit,,,
7,63,1/7/2022 12:17,1/7/2022 12:25,4B076661,38.494933,-106.017376,turkey,,,
8,64,1/7/2022 12:41,1/7/2022 12:49,2D2A1E55,38.498229,-106.013689,predator,,,
8,65,1/7/2022 12:41,1/7/2022 12:49,52344C2D,38.498229,-106.013689,predator,,,
8,66,1/7/2022 12:41,1/7/2022 12:49,33343466,38.498229,-106.013689,predator,,,
8,67,1/7/2022 12:41,1/7/2022 12:49,52551E33,38.498229,-106.013689,rabbit new,,,
8,68,1/7/2022 12:41,1/7/2022 12:49,332A2D4B,38.498229,-106.013689,rabbit new,,,
8,69,1/7/2022 12:41,1/7/2022 12:49,78782A4B,38.498229,-106.013689,rabbit new,,,
8,70,1/7/2022 12:41,1/7/2022 12:49,2D191E2D,38.498229,-106.013689,rabbit,,,
8,71,1/7/2022 12:41,1/7/2022 12:49,614B4B78,38.498229,-106.013689,rabbit,,,
8,72,1/7/2022 12:41,1/7/2022 12:49,4B076661,38.498229,-106.013689,turkey,,,
9,73,1/10/2022 10:26,1/10/2022 10:35,2D19E2D,38.498601,-106.020083,rabbit,,,
9,74,1/10/2022 10:26,1/10/2022 10:35,66073407,38.498601,-106.020083,rabbit,,,
9,75,1/10/2022 10:26,1/10/2022 10:35,332A2D4B,38.498601,-106.020083,new rabbit,,,
9,76,1/10/2022 10:26,1/10/2022 10:35,78782A4B,38.498601,-106.020083,new rabbit,,,
9,77,1/10/2022 10:26,1/10/2022 10:35,4B076661,38.498601,-106.020083,turkey,,,
9,78,1/10/2022 10:26,1/10/2022 10:35,2D665219,38.498601,-106.020083,turkey,,,
9,79,1/10/2022 10:26,1/10/2022 10:35,2D662D4C,38.498601,-106.020083,predator,,,
9,80,1/10/2022 10:26,1/10/2022 10:35,34191952,38.498601,-106.020083,predator,,,
9,81,1/10/2022 10:26,1/10/2022 10:35,78523378,38.498601,-106.020083,predator,,,
9,82,1/10/2022 10:26,1/10/2022 10:35,52344C2D,38.498601,-106.020083,predator,,,
9,83,1/10/2022 10:26,1/10/2022 10:35,33343466,38.498601,-106.020083,predator,,,
10,84,1/10/2022 10:38,1/10/2022 10:46,2D19E2D,38.497601,-106.020585,rabbit,,,
10,85,1/10/2022 10:38,1/11/2022 10:46,66073407,38.497601,-106.020585,rabbit,,,
10,86,1/10/2022 10:38,1/12/2022 10:46,332A2D4B,38.497601,-106.020585,new rabbit,,,
10,87,1/10/2022 10:38,1/13/2022 10:46,78782A4B,38.497601,-106.020585,new rabbit,,,
10,88,1/10/2022 10:38,1/14/2022 10:46,4B076661,38.497601,-106.020585,turkey,,,
10,89,1/10/2022 10:38,1/15/2022 10:46,2D665219,38.497601,-106.020585,turkey,,,
10,90,1/10/2022 10:38,1/16/2022 10:46,2D662D4C,38.497601,-106.020585,predator,,,
10,91,1/10/2022 10:38,1/17/2022 10:46,34191952,38.497601,-106.020585,predator,,,
10,92,1/10/2022 10:38,1/18/2022 10:46,78523378,38.497601,-106.020585,predator,,,
10,93,1/10/2022 10:38,1/19/2022 10:46,52344C2D,38.497601,-106.020585,predator,,,
10,94,1/10/2022 10:38,1/20/2022 10:46,33343466,38.497601,-106.020585,predator,,,
11,95,1/10/2022 10:50,1/10/2022 10:58,2D19E2D,38.496137,-106.020519,rabbit,,,
11,96,1/10/2022 10:50,1/10/2022 10:58,66073407,38.496137,-106.020519,rabbit,,,
11,97,1/10/2022 10:50,1/10/2022 10:58,332A2D4B,38.496137,-106.020519,new rabbit,,,
11,98,1/10/2022 10:50,1/10/2022 10:58,78782A4B,38.496137,-106.020519,new rabbit,,,
11,99,1/10/2022 10:50,1/10/2022 10:58,4B076661,38.496137,-106.020519,turkey,,,
11,100,1/10/2022 10:50,1/10/2022 10:58,2D665219,38.496137,-106.020519,turkey,,,
11,101,1/10/2022 10:50,1/10/2022 10:58,2D662D4C,38.496137,-106.020519,predator,,,
11,102,1/10/2022 10:50,1/10/2022 10:58,34191952,38.496137,-106.020519,predator,,,
11,103,1/10/2022 10:50,1/10/2022 10:58,78523378,38.496137,-106.020519,predator,,,
11,104,1/10/2022 10:50,1/10/2022 10:58,52344C2D,38.496137,-106.020519,predator,,,
11,105,1/10/2022 10:50,1/10/2022 10:58,33343466,38.496137,-106.020519,predator,,,
12,106,1/10/2022 11:06,1/10/2022 11:14,2D19E2D,38.498934,-106.018086,rabbit,,,
12,107,1/10/2022 11:06,1/10/2022 11:14,66073407,38.498934,-106.018086,rabbit,,,
12,108,1/10/2022 11:06,1/10/2022 11:14,332A2D4B,38.498934,-106.018086,new rabbit,,,
12,109,1/10/2022 11:06,1/10/2022 11:14,78782A4B,38.498934,-106.018086,new rabbit,,,
12,110,1/10/2022 11:06,1/10/2022 11:14,4B076661,38.498934,-106.018086,turkey,,,
12,111,1/10/2022 11:06,1/10/2022 11:14,2D665219,38.498934,-106.018086,turkey,,,
12,112,1/10/2022 11:06,1/10/2022 11:14,2D662D4C,38.498934,-106.018086,predator,,,
12,113,1/10/2022 11:06,1/10/2022 11:14,34191952,38.498934,-106.018086,predator,,,
12,114,1/10/2022 11:06,1/10/2022 11:14,78523378,38.498934,-106.018086,predator,,,
12,115,1/10/2022 11:06,1/10/2022 11:14,52344C2D,38.498934,-106.018086,predator,,,
12,116,1/10/2022 11:06,1/10/2022 11:14,33343466,38.498934,-106.018086,predator,,,
13,117,1/10/2022 11:27,1/10/2022 11:34,2D19E2D,38.497319,-106.015137,rabbit,,,
13,118,1/10/2022 11:27,1/10/2022 11:34,66073407,38.497319,-106.015137,rabbit,,,
13,119,1/10/2022 11:27,1/10/2022 11:34,332A2D4B,38.497319,-106.015137,new rabbit,,,
13,120,1/10/2022 11:27,1/10/2022 11:34,78782A4B,38.497319,-106.015137,new rabbit,,,
13,121,1/10/2022 11:27,1/10/2022 11:34,4B076661,38.497319,-106.015137,turkey,,,
13,122,1/10/2022 11:27,1/10/2022 11:34,2D665219,38.497319,-106.015137,turkey,,,
13,123,1/10/2022 11:27,1/10/2022 11:34,2D662D4C,38.497319,-106.015137,predator,,,
13,124,1/10/2022 11:27,1/10/2022 11:34,34191952,38.497319,-106.015137,predator,,,
13,125,1/10/2022 11:27,1/10/2022 11:34,78523378,38.497319,-106.015137,predator,,,
13,126,1/10/2022 11:27,1/10/2022 11:34,52344C2D,38.497319,-106.015137,predator,,,
13,127,1/10/2022 11:27,1/10/2022 11:34,33343466,38.497319,-106.015137,predator,,,
14,128,1/13/2022 11:08,1/13/2022 11:20,2D1E072A,38.50076,-106.022583,rabbit,,,
14,129,1/13/2022 11:08,1/13/2022 11:20,66073407,38.50076,-106.022583,rabbit,,,
14,130,1/13/2022 11:08,1/13/2022 11:20,2D2A1E55,38.50076,-106.022583,predator,,,
14,131,1/13/2022 11:08,1/13/2022 11:20,66614B34,38.50076,-106.022583,predator,,,
14,132,1/13/2022 11:08,1/13/2022 11:20,191E0733,38.50076,-106.022583,predator,,,
14,133,1/13/2022 11:08,1/13/2022 11:20,552D334C,38.50076,-106.022583,predator,,,
14,134,1/13/2022 11:08,1/13/2022 11:20,2A611934,38.50076,-106.022583,predator,,,
14,135,1/13/2022 11:08,1/13/2022 11:20,344C7834,38.50076,-106.022583,turkey,,,
14,136,1/13/2022 11:08,1/13/2022 11:20,072D524C,38.50076,-106.022583,turkey,,,
14,137,1/13/2022 11:08,1/13/2022 11:20,4B660761,38.50076,-106.022583,rabbit new,,,
14,138,1/13/2022 11:08,1/13/2022 11:20,78615519,38.50076,-106.022583,rabbit new,,,
15,139,1/13/2022 11:25,1/13/2022 11:33,2D1E072A,38.499855,-106.019835,rabbit,,,
15,140,1/13/2022 11:25,1/13/2022 11:33,66073407,38.499855,-106.019835,rabbit,,,
15,141,1/13/2022 11:25,1/13/2022 11:33,2D2A1E55,38.499855,-106.019835,predator,,,
15,142,1/13/2022 11:25,1/13/2022 11:33,66614B34,38.499855,-106.019835,predator,,,
15,143,1/13/2022 11:25,1/13/2022 11:33,191E0733,38.499855,-106.019835,predator,,,
15,144,1/13/2022 11:25,1/13/2022 11:33,552D334C,38.499855,-106.019835,predator,,,
15,145,1/13/2022 11:25,1/13/2022 11:33,2A611934,38.499855,-106.019835,predator,,,
15,146,1/13/2022 11:25,1/13/2022 11:33,344C7834,38.499855,-106.019835,turkey,,,
15,147,1/13/2022 11:25,1/13/2022 11:33,072D524C,38.499855,-106.019835,turkey,,,
15,148,1/13/2022 11:25,1/13/2022 11:33,4B660761,38.499855,-106.019835,rabbit new,,,
15,149,1/13/2022 11:25,1/13/2022 11:33,78615519,38.499855,-106.019835,rabbit new,,,
16,150,1/13/2022 11:37,1/13/2022 11:45,2D1E072A,38.499165,-106.016468,rabbit,,,
16,151,1/13/2022 11:37,1/13/2022 11:45,66073407,38.499165,-106.016468,rabbit,,,
16,152,1/13/2022 11:37,1/13/2022 11:45,2D2A1E55,38.499165,-106.016468,predator,,,
16,153,1/13/2022 11:37,1/13/2022 11:45,66614B34,38.499165,-106.016468,predator,,,
16,154,1/13/2022 11:37,1/13/2022 11:45,191E0733,38.499165,-106.016468,predator,,,
16,155,1/13/2022 11:37,1/13/2022 11:45,552D334C,38.499165,-106.016468,predator,,,
16,156,1/13/2022 11:37,1/13/2022 11:45,2A611934,38.499165,-106.016468,predator,,,
16,157,1/13/2022 11:37,1/13/2022 11:45,344C7834,38.499165,-106.016468,turkey,,,
16,158,1/13/2022 11:37,1/13/2022 11:45,072D524C,38.499165,-106.016468,turkey,,,
16,159,1/13/2022 11:37,1/13/2022 11:45,4B660761,38.499165,-106.016468,rabbit new,,,
16,160,1/13/2022 11:37,1/13/2022 11:45,78615519,38.499165,-106.016468,rabbit new,,,
17,161,1/13/2022 11:54,1/13/2022 12:02,2D1E072A,38.498752,-106.012156,rabbit,,,
17,162,1/13/2022 11:54,1/13/2022 12:02,66073407,38.498752,-106.012156,rabbit,,,
17,163,1/13/2022 11:54,1/13/2022 12:02,2D2A1E55,38.498752,-106.012156,predator,,,
17,164,1/13/2022 11:54,1/13/2022 12:02,66614B34,38.498752,-106.012156,predator,,,
17,165,1/13/2022 11:54,1/13/2022 12:02,191E0733,38.498752,-106.012156,predator,,,
17,166,1/13/2022 11:54,1/13/2022 12:02,552D334C,38.498752,-106.012156,predator,,,
17,167,1/13/2022 11:54,1/13/2022 12:02,2A611934,38.498752,-106.012156,predator,,,
17,168,1/13/2022 11:54,1/13/2022 12:02,344C7834,38.498752,-106.012156,turkey,,,
17,169,1/13/2022 11:54,1/13/2022 12:02,072D524C,38.498752,-106.012156,turkey,,,
17,170,1/13/2022 11:54,1/13/2022 12:02,4B660761,38.498752,-106.012156,rabbit new,,,
17,171,1/13/2022 11:54,1/13/2022 12:02,78615519,38.498752,-106.012156,rabbit new,,,
18,172,1/7/2022 10:46,1/7/2022 10:53,7866334C,38.500288,-106.025251,,,,
18,173,1/7/2022 10:46,1/7/2022 10:53,4B660761,38.500288,-106.025251,,,,
18,174,1/7/2022 10:46,1/7/2022 10:53,78615519,38.500288,-106.025251,,,,
18,175,1/7/2022 10:46,1/7/2022 10:53,34344C2D,38.500288,-106.025251,,,,
18,176,1/7/2022 10:46,1/7/2022 10:53,2D1E072A,38.500288,-106.025251,,,,
18,177,1/7/2022 10:46,1/7/2022 10:53,66614B34,38.500288,-106.025251,,,,
18,178,1/7/2022 10:46,1/7/2022 10:53,552D334C,38.500288,-106.025251,,,,
18,179,1/7/2022 10:46,1/7/2022 10:53,191E0733,38.500288,-106.025251,,,,
18,180,1/7/2022 10:46,1/7/2022 10:53,2A611934,38.500288,-106.025251,,,,
19,181,1/7/2022 10:59,1/7/2022 11:06,7866334C,38.499505,-106.02394,,,,
19,182,1/7/2022 10:59,1/7/2022 11:06,4B660761,38.499505,-106.02394,,,,
19,183,1/7/2022 10:59,1/7/2022 11:06,78615519,38.499505,-106.02394,,,,
19,184,1/7/2022 10:59,1/7/2022 11:06,34344C2D,38.499505,-106.02394,,,,
19,185,1/7/2022 10:59,1/7/2022 11:06,2D1E072A,38.499505,-106.02394,,,,
19,186,1/7/2022 10:59,1/7/2022 11:06,66614B34,38.499505,-106.02394,,,,
19,187,1/7/2022 10:59,1/7/2022 11:06,552D334C,38.499505,-106.02394,,,,
19,188,1/7/2022 10:59,1/7/2022 11:06,191E0733,38.499505,-106.02394,,,,
19,189,1/7/2022 10:59,1/7/2022 11:06,2A611934,38.499505,-106.02394,,,,
20,190,1/7/2022 11:11,1/7/2022 11:18,7866334C,38.498376,-106.023907,,,,
20,191,1/7/2022 11:11,1/7/2022 11:18,4B660761,38.498376,-106.023907,,,,
20,192,1/7/2022 11:11,1/7/2022 11:18,78615519,38.498376,-106.023907,,,,
20,193,1/7/2022 11:11,1/7/2022 11:18,34344C2D,38.498376,-106.023907,,,,
20,194,1/7/2022 11:11,1/7/2022 11:18,2D1E072A,38.498376,-106.023907,,,,
20,195,1/7/2022 11:11,1/7/2022 11:18,66614B34,38.498376,-106.023907,,,,
20,196,1/7/2022 11:11,1/7/2022 11:18,552D334C,38.498376,-106.023907,,,,
20,197,1/7/2022 11:11,1/7/2022 11:18,191E0733,38.498376,-106.023907,,,,
20,198,1/7/2022 11:11,1/7/2022 11:18,2A611934,38.498376,-106.023907,,,,
21,199,1/7/2022 11:28,1/7/2022 11:35,7866334C,38.495888,-106.024752,,,,
21,200,1/7/2022 11:28,1/7/2022 11:35,4B660761,38.495888,-106.024752,,,,
21,201,1/7/2022 11:28,1/7/2022 11:35,78615519,38.495888,-106.024752,,,,
21,202,1/7/2022 11:28,1/7/2022 11:35,34344C2D,38.495888,-106.024752,,,,
21,203,1/7/2022 11:28,1/7/2022 11:35,2D1E072A,38.495888,-106.024752,,,,
21,204,1/7/2022 11:28,1/7/2022 11:35,66614B34,38.495888,-106.024752,,,,
21,205,1/7/2022 11:28,1/7/2022 11:35,552D334C,38.495888,-106.024752,,,,
21,206,1/7/2022 11:28,1/7/2022 11:35,191E0733,38.495888,-106.024752,,,,
21,207,1/7/2022 11:28,1/7/2022 11:35,2A611934,38.495888,-106.024752,,,,
22,208,1/7/2022 11:48,1/7/2022 11:55,7866334C,38.493548,-106.02243,,,,
22,209,1/7/2022 11:48,1/7/2022 11:55,4B660761,38.493548,-106.02243,,,,
22,210,1/7/2022 11:48,1/7/2022 11:55,78615519,38.493548,-106.02243,,,,
22,211,1/7/2022 11:48,1/7/2022 11:55,34344C2D,38.493548,-106.02243,,,,
22,212,1/7/2022 11:48,1/7/2022 11:55,2D1E072A,38.493548,-106.02243,,,,
22,213,1/7/2022 11:48,1/7/2022 11:55,66614B34,38.493548,-106.02243,,,,
22,214,1/7/2022 11:48,1/7/2022 11:55,552D334C,38.493548,-106.02243,,,,
22,215,1/7/2022 11:48,1/7/2022 11:55,191E0733,38.493548,-106.02243,,,,
22,216,1/7/2022 11:48,1/7/2022 11:55,2A611934,38.493548,-106.02243,,,,
23,217,1/7/2022 12:16,1/7/2022 12:23,7866334C,38.494232,-106.02243,,,,
23,218,1/7/2022 12:16,1/7/2022 12:23,4B660761,38.494232,-106.02243,,,,
23,219,1/7/2022 12:16,1/7/2022 12:23,78615519,38.494232,-106.02243,,,,
23,220,1/7/2022 12:16,1/7/2022 12:23,34344C2D,38.494232,-106.02243,,,,
23,221,1/7/2022 12:16,1/7/2022 12:23,2D1E072A,38.494232,-106.02243,,,,
23,222,1/7/2022 12:16,1/7/2022 12:23,66614B34,38.494232,-106.02243,,,,
23,223,1/7/2022 12:16,1/7/2022 12:23,552D334C,38.494232,-106.02243,,,,
23,224,1/7/2022 12:16,1/7/2022 12:23,191E0733,38.494232,-106.02243,,,,
23,225,1/7/2022 12:16,1/7/2022 12:23,2A611934,38.494232,-106.02243,,,,
24,226,1/7/2022 12:31,1/7/2022 12:38,7866334C,38.49617,-106.021747,,,,
24,227,1/7/2022 12:31,1/7/2022 12:38,4B660761,38.49617,-106.021747,,,,
24,228,1/7/2022 12:31,1/7/2022 12:38,78615519,38.49617,-106.021747,,,,
24,229,1/7/2022 12:31,1/7/2022 12:38,34344C2D,38.49617,-106.021747,,,,
24,230,1/7/2022 12:31,1/7/2022 12:38,2D1E072A,38.49617,-106.021747,,,,
24,231,1/7/2022 12:31,1/7/2022 12:38,66614B34,38.49617,-106.021747,,,,
24,232,1/7/2022 12:31,1/7/2022 12:38,552D334C,38.49617,-106.021747,,,,
24,233,1/7/2022 12:31,1/7/2022 12:38,191E0733,38.49617,-106.021747,,,,
24,234,1/7/2022 12:31,1/7/2022 12:38,2A611934,38.49617,-106.021747,,,,
25,235,1/10/2022 10:46,1/10/2022 10:53,2D2A1E55,38.493359,-106.020709,,,,
25,236,1/10/2022 10:46,1/10/2022 10:53,191E0733,38.493359,-106.020709,,,,
25,237,1/10/2022 10:46,1/10/2022 10:53,2A611934,38.493359,-106.020709,,,,
25,238,1/10/2022 10:46,1/10/2022 10:53,552D334C,38.493359,-106.020709,,,,
25,239,1/10/2022 10:46,1/10/2022 10:53,66614B34,38.493359,-106.020709,,,,
25,240,1/10/2022 10:46,1/10/2022 10:53,192D2A1E,38.493359,-106.020709,,,,
25,241,1/10/2022 10:46,1/10/2022 10:53,2D1E0761,38.493359,-106.020709,,,,
25,242,1/10/2022 10:46,1/10/2022 10:53,78615519,38.493359,-106.020709,,,,
25,243,1/10/2022 10:46,1/10/2022 10:53,344C7834,38.493359,-106.020709,,,,
25,244,1/10/2022 10:46,1/10/2022 10:53,072D524C,38.493359,-106.020709,,,,
26,245,1/10/2022 11:09,1/10/2022 11:16,2D2A1E55,38.494938,-106.01963,,,,
26,246,1/10/2022 11:09,1/10/2022 11:16,191E0733,38.494938,-106.01963,,,,
26,247,1/10/2022 11:09,1/10/2022 11:16,2A611934,38.494938,-106.01963,,,,
26,248,1/10/2022 11:09,1/10/2022 11:16,552D334C,38.494938,-106.01963,,,,
26,249,1/10/2022 11:09,1/10/2022 11:16,66614B34,38.494938,-106.01963,,,,
26,250,1/10/2022 11:09,1/10/2022 11:16,192D2A1E,38.494938,-106.01963,,,,
26,251,1/10/2022 11:09,1/10/2022 11:16,2D1E0761,38.494938,-106.01963,,,,
26,252,1/10/2022 11:09,1/10/2022 11:16,78615519,38.494938,-106.01963,,,,
26,253,1/10/2022 11:09,1/10/2022 11:16,344C7834,38.494938,-106.01963,,,,
26,254,1/10/2022 11:09,1/10/2022 11:16,072D524C,38.494938,-106.01963,,,,
27,255,1/10/2022 11:21,1/10/2022 11:28,2D2A1E55,38.496349,-106.018426,,,,
27,256,1/10/2022 11:21,1/10/2022 11:28,191E0733,38.496349,-106.018426,,,,
27,257,1/10/2022 11:21,1/10/2022 11:28,2A611934,38.496349,-106.018426,,,,
27,258,1/10/2022 11:21,1/10/2022 11:28,552D334C,38.496349,-106.018426,,,,
27,259,1/10/2022 11:21,1/10/2022 11:28,66614B34,38.496349,-106.018426,,,,
27,260,1/10/2022 11:21,1/10/2022 11:28,192D2A1E,38.496349,-106.018426,,,,
27,261,1/10/2022 11:21,1/10/2022 11:28,2D1E0761,38.496349,-106.018426,,,,
27,262,1/10/2022 11:21,1/10/2022 11:28,78615519,38.496349,-106.018426,,,,
27,263,1/10/2022 11:21,1/10/2022 11:28,344C7834,38.496349,-106.018426,,,,
27,264,1/10/2022 11:21,1/10/2022 11:28,072D524C,38.496349,-106.018426,,,,
28,265,1/14/2022 10:00,1/14/2022 10:08,2A611934,38.501533,-106.0134,,,,
28,266,1/14/2022 10:00,1/14/2022 10:08,191E0733,38.501533,-106.0134,,,,
28,267,1/14/2022 10:00,1/14/2022 10:08,66614B34,38.501533,-106.0134,,,,
28,268,1/14/2022 10:00,1/14/2022 10:08,2DA1E55,38.501533,-106.0134,,,,
28,269,1/14/2022 10:00,1/14/2022 10:08,552D334C,38.501533,-106.0134,,,,
28,270,1/14/2022 10:00,1/14/2022 10:08,52344C2D,38.501533,-106.0134,,,,
28,271,1/14/2022 10:00,1/14/2022 10:08,78523378,38.501533,-106.0134,,,,
28,272,1/14/2022 10:00,1/14/2022 10:08,34191952,38.501533,-106.0134,,,,
28,273,1/14/2022 10:00,1/14/2022 10:08,2D662D4C,38.501533,-106.0134,,,,
28,274,1/14/2022 10:00,1/14/2022 10:08,33343466,38.501533,-106.0134,,,,
28,275,1/14/2022 10:00,1/14/2022 10:08,78615519,38.501533,-106.0134,,,,
28,276,1/14/2022 10:00,1/14/2022 10:08,4B660761,38.501533,-106.0134,,,,
28,277,1/14/2022 10:00,1/14/2022 10:08,332A2D4B,38.501533,-106.0134,,,,
28,278,1/14/2022 10:00,1/14/2022 10:08,192D2A1E,38.501533,-106.0134,,,,
28,279,1/14/2022 10:00,1/14/2022 10:08,2D1E072A,38.501533,-106.0134,,,,
28,280,1/14/2022 10:00,1/14/2022 10:08,2D191E2D,38.501533,-106.0134,,,,
28,281,1/14/2022 10:00,1/14/2022 10:08,66073407,38.501533,-106.0134,,,,
28,282,1/14/2022 10:00,1/14/2022 10:08,344C7834,38.501533,-106.0134,,,,
28,283,1/14/2022 10:00,1/14/2022 10:08,072D524C,38.501533,-106.0134,,,,
28,284,1/14/2022 10:00,1/14/2022 10:08,4B076661,38.501533,-106.0134,,,,
28,285,1/14/2022 10:00,1/14/2022 10:08,2D665219,38.501533,-106.0134,,,,
29,286,1/14/2022 10:24,1/14/2022 10:32,2A611934,38.501885,-106.015519,,,,
29,287,1/14/2022 10:24,1/14/2022 10:32,191E0733,38.501885,-106.015519,,,,
29,288,1/14/2022 10:24,1/14/2022 10:32,66614B34,38.501885,-106.015519,,,,
29,289,1/14/2022 10:24,1/14/2022 10:32,2DA1E55,38.501885,-106.015519,,,,
29,290,1/14/2022 10:24,1/14/2022 10:32,552D334C,38.501885,-106.015519,,,,
29,291,1/14/2022 10:24,1/14/2022 10:32,52344C2D,38.501885,-106.015519,,,,
29,292,1/14/2022 10:24,1/14/2022 10:32,78523378,38.501885,-106.015519,,,,
29,293,1/14/2022 10:24,1/14/2022 10:32,34191952,38.501885,-106.015519,,,,
29,294,1/14/2022 10:24,1/14/2022 10:32,2D662D4C,38.501885,-106.015519,,,,
29,295,1/14/2022 10:24,1/14/2022 10:32,33343466,38.501885,-106.015519,,,,
29,296,1/14/2022 10:24,1/14/2022 10:32,78615519,38.501885,-106.015519,,,,
29,297,1/14/2022 10:24,1/14/2022 10:32,4B660761,38.501885,-106.015519,,,,
29,298,1/14/2022 10:24,1/14/2022 10:32,332A2D4B,38.501885,-106.015519,,,,
29,299,1/14/2022 10:24,1/14/2022 10:32,192D2A1E,38.501885,-106.015519,,,,
29,300,1/14/2022 10:24,1/14/2022 10:32,2D1E072A,38.501885,-106.015519,,,,
29,301,1/14/2022 10:24,1/14/2022 10:32,2D191E2D,38.501885,-106.015519,,,,
29,302,1/14/2022 10:24,1/14/2022 10:32,66073407,38.501885,-106.015519,,,,
29,303,1/14/2022 10:24,1/14/2022 10:32,344C7834,38.501885,-106.015519,,,,
29,304,1/14/2022 10:24,1/14/2022 10:32,072D524C,38.501885,-106.015519,,,,
29,305,1/14/2022 10:24,1/14/2022 10:32,4B076661,38.501885,-106.015519,,,,
29,306,1/14/2022 10:24,1/14/2022 10:32,2D665219,38.501885,-106.015519,,,,
30,307,1/14/2022 10:44,1/14/2022 10:51,2A611934,38.502325,-106.017373,,,,
30,308,1/14/2022 10:44,1/14/2022 10:51,191E0733,38.502325,-106.017373,,,,
30,309,1/14/2022 10:44,1/14/2022 10:51,66614B34,38.502325,-106.017373,,,,
30,310,1/14/2022 10:44,1/14/2022 10:51,2DA1E55,38.502325,-106.017373,,,,
30,311,1/14/2022 10:44,1/14/2022 10:51,552D334C,38.502325,-106.017373,,,,
30,312,1/14/2022 10:44,1/14/2022 10:51,52344C2D,38.502325,-106.017373,,,,
30,313,1/14/2022 10:44,1/14/2022 10:51,78523378,38.502325,-106.017373,,,,
30,314,1/14/2022 10:44,1/14/2022 10:51,34191952,38.502325,-106.017373,,,,
30,315,1/14/2022 10:44,1/14/2022 10:51,2D662D4C,38.502325,-106.017373,,,,
30,316,1/14/2022 10:44,1/14/2022 10:51,33343466,38.502325,-106.017373,,,,
30,317,1/14/2022 10:44,1/14/2022 10:51,78615519,38.502325,-106.017373,,,,
30,318,1/14/2022 10:44,1/14/2022 10:51,4B660761,38.502325,-106.017373,,,,
30,319,1/14/2022 10:44,1/14/2022 10:51,332A2D4B,38.502325,-106.017373,,,,
30,320,1/14/2022 10:44,1/14/2022 10:51,192D2A1E,38.502325,-106.017373,,,,
30,321,1/14/2022 10:44,1/14/2022 10:51,2D1E072A,38.502325,-106.017373,,,,
30,322,1/14/2022 10:44,1/14/2022 10:51,2D191E2D,38.502325,-106.017373,,,,
30,323,1/14/2022 10:44,1/14/2022 10:51,66073407,38.502325,-106.017373,,,,
30,324,1/14/2022 10:44,1/14/2022 10:51,344C7834,38.502325,-106.017373,,,,
30,325,1/14/2022 10:44,1/14/2022 10:51,072D524C,38.502325,-106.017373,,,,
30,326,1/14/2022 10:44,1/14/2022 10:51,4B076661,38.502325,-106.017373,,,,
30,327,1/14/2022 10:44,1/14/2022 10:51,2D665219,38.502325,-106.017373,,,,
31,328,1/7/2022 10:55,1/7/2022 11:02,2D665219,38.501881,-106.024034,,,,
31,329,1/7/2022 10:55,1/7/2022 11:02,072D524C,38.501881,-106.024034,,,,
31,330,1/7/2022 10:55,1/7/2022 11:02,344C7834,38.501881,-106.024034,,,,
31,331,1/7/2022 10:55,1/7/2022 11:02,33071E07,38.501881,-106.024034,,,,
31,332,1/7/2022 10:55,1/7/2022 11:02,612D7807,38.501881,-106.024034,,,,
31,333,1/7/2022 10:55,1/7/2022 11:02,78523378,38.501881,-106.024034,,,,
31,334,1/7/2022 10:55,1/7/2022 11:02,34191952,38.501881,-106.024034,,,,
31,335,1/7/2022 10:55,1/7/2022 11:02,2D662D4C,38.501881,-106.024034,,,,
31,336,1/7/2022 10:55,1/7/2022 11:02,66073407,38.501881,-106.024034,,,,
31,337,1/7/2022 10:55,1/7/2022 11:02,192D2A1E,38.501881,-106.024034,,,,
32,338,1/7/2022 11:06,1/7/2022 11:13,2D665219,38.502114,-106.022447,,,,
32,339,1/7/2022 11:06,1/7/2022 11:13,072D524C,38.502114,-106.022447,,,,
32,340,1/7/2022 11:06,1/7/2022 11:13,344C7834,38.502114,-106.022447,,,,
32,341,1/7/2022 11:06,1/7/2022 11:13,33071E07,38.502114,-106.022447,,,,
32,342,1/7/2022 11:06,1/7/2022 11:13,612D7807,38.502114,-106.022447,,,,
32,343,1/7/2022 11:06,1/7/2022 11:13,78523378,38.502114,-106.022447,,,,
32,344,1/7/2022 11:06,1/7/2022 11:13,34191952,38.502114,-106.022447,,,,
32,345,1/7/2022 11:06,1/7/2022 11:13,2D662D4C,38.502114,-106.022447,,,,
32,346,1/7/2022 11:06,1/7/2022 11:13,66073407,38.502114,-106.022447,,,,
32,347,1/7/2022 11:06,1/7/2022 11:13,192D2A1E,38.502114,-106.022447,,,,
33,348,1/7/2022 11:17,1/7/2022 11:24,2D665219,38.503912,-106.022603,,,,
33,349,1/7/2022 11:17,1/7/2022 11:24,072D524C,38.503912,-106.022603,,,,
33,350,1/7/2022 11:17,1/7/2022 11:24,344C7834,38.503912,-106.022603,,,,
33,351,1/7/2022 11:17,1/7/2022 11:24,33071E07,38.503912,-106.022603,,,,
33,352,1/7/2022 11:17,1/7/2022 11:24,612D7807,38.503912,-106.022603,,,,
33,353,1/7/2022 11:17,1/7/2022 11:24,78523378,38.503912,-106.022603,,,,
33,354,1/7/2022 11:17,1/7/2022 11:24,34191952,38.503912,-106.022603,,,,
33,355,1/7/2022 11:17,1/7/2022 11:24,2D662D4C,38.503912,-106.022603,,,,
33,356,1/7/2022 11:17,1/7/2022 11:24,66073407,38.503912,-106.022603,,,,
33,357,1/7/2022 11:17,1/7/2022 11:24,192D2A1E,38.503912,-106.022603,,,,
34,358,1/7/2022 11:38,1/7/2022 11:45,2D665219,38.501271,-106.019993,,,,
34,359,1/7/2022 11:38,1/7/2022 11:45,072D524C,38.501271,-106.019993,,,,
34,360,1/7/2022 11:38,1/7/2022 11:45,344C7834,38.501271,-106.019993,,,,
34,361,1/7/2022 11:38,1/7/2022 11:45,33071E07,38.501271,-106.019993,,,,
34,362,1/7/2022 11:38,1/7/2022 11:45,612D7807,38.501271,-106.019993,,,,
34,363,1/7/2022 11:38,1/7/2022 11:45,78523378,38.501271,-106.019993,,,,
34,364,1/7/2022 11:38,1/7/2022 11:45,34191952,38.501271,-106.019993,,,,
34,365,1/7/2022 11:38,1/7/2022 11:45,2D662D4C,38.501271,-106.019993,,,,
34,366,1/7/2022 11:38,1/7/2022 11:45,66073407,38.501271,-106.019993,,,,
34,367,1/7/2022 11:38,1/7/2022 11:45,192D2A1E,38.501271,-106.019993,,,,
35,368,1/7/2022 11:56,1/7/2022 12:04,2D665219,38.500024,-106.015165,,,,
35,369,1/7/2022 11:56,1/7/2022 12:04,072D524C,38.500024,-106.015165,,,,
35,370,1/7/2022 11:56,1/7/2022 12:04,344C7834,38.500024,-106.015165,,,,
35,371,1/7/2022 11:56,1/7/2022 12:04,33071E07,38.500024,-106.015165,,,,
35,372,1/7/2022 11:56,1/7/2022 12:04,612D7807,38.500024,-106.015165,,,,
35,373,1/7/2022 11:56,1/7/2022 12:04,78523378,38.500024,-106.015165,,,,
35,374,1/7/2022 11:56,1/7/2022 12:04,34191952,38.500024,-106.015165,,,,
35,375,1/7/2022 11:56,1/7/2022 12:04,2D662D4C,38.500024,-106.015165,,,,
35,376,1/7/2022 11:56,1/7/2022 12:04,66073407,38.500024,-106.015165,,,,
35,377,1/7/2022 11:56,1/7/2022 12:04,192D2A1E,38.500024,-106.015165,,,,
36,378,1/7/2022 12:08,1/7/2022 12:15,2D665219,38.501055,-106.014987,,,,
36,379,1/7/2022 12:08,1/7/2022 12:15,072D524C,38.501055,-106.014987,,,,
36,380,1/7/2022 12:08,1/7/2022 12:15,344C7834,38.501055,-106.014987,,,,
36,381,1/7/2022 12:08,1/7/2022 12:15,33071E07,38.501055,-106.014987,,,,
36,382,1/7/2022 12:08,1/7/2022 12:15,612D7807,38.501055,-106.014987,,,,
36,383,1/7/2022 12:08,1/7/2022 12:15,78523378,38.501055,-106.014987,,,,
36,384,1/7/2022 12:08,1/7/2022 12:15,34191952,38.501055,-106.014987,,,,
36,385,1/7/2022 12:08,1/7/2022 12:15,2D662D4C,38.501055,-106.014987,,,,
36,386,1/7/2022 12:08,1/7/2022 12:15,66073407,38.501055,-106.014987,,,,
36,387,1/7/2022 12:08,1/7/2022 12:15,192D2A1E,38.501055,-106.014987,,,,
37,388,1/7/2022 12:20,1/7/2022 12:28,2D665219,38.500038,-106.017327,,,,
37,389,1/7/2022 12:20,1/7/2022 12:28,072D524C,38.500038,-106.017327,,,,
37,390,1/7/2022 12:20,1/7/2022 12:28,344C7834,38.500038,-106.017327,,,,
37,391,1/7/2022 12:20,1/7/2022 12:28,33071E07,38.500038,-106.017327,,,,
37,392,1/7/2022 12:20,1/7/2022 12:28,612D7807,38.500038,-106.017327,,,,
37,393,1/7/2022 12:20,1/7/2022 12:28,78523378,38.500038,-106.017327,,,,
37,394,1/7/2022 12:20,1/7/2022 12:28,34191952,38.500038,-106.017327,,,,
37,395,1/7/2022 12:20,1/7/2022 12:28,2D662D4C,38.500038,-106.017327,,,,
37,396,1/7/2022 12:20,1/7/2022 12:28,66073407,38.500038,-106.017327,,,,
37,397,1/7/2022 12:20,1/7/2022 12:28,192D2A1E,38.500038,-106.017327,,,,
38,398,1/7/2022 12:34,1/7/2022 12:41,2D665219,38.500959,-106.016203,,,,
38,399,1/7/2022 12:34,1/7/2022 12:41:14,072D524C,38.500959,-106.016203,,,,
38,400,1/7/2022 12:34,1/7/2022 12:41:14,344C7834,38.500959,-106.016203,,,,
38,401,1/7/2022 12:34,1/7/2022 12:41:14,33071E07,38.500959,-106.016203,,,,
38,402,1/7/2022 12:34,1/7/2022 12:41:14,612D7807,38.500959,-106.016203,,,,
38,403,1/7/2022 12:34,1/7/2022 12:41:14,78523378,38.500959,-106.016203,,,,
38,404,1/7/2022 12:34,1/7/2022 12:41:14,34191952,38.500959,-106.016203,,,,
38,405,1/7/2022 12:34,1/7/2022 12:41:14,2D662D4C,38.500959,-106.016203,,,,
38,406,1/7/2022 12:34,1/7/2022 12:41:14,66073407,38.500959,-106.016203,,,,
38,407,1/7/2022 12:34,1/7/2022 12:41:14,192D2A1E,38.500959,-106.016203,,,,
39,408,1/13/2022 11:03,1/13/2022 11:10,192D2A1E,38.504041,-106.01858,,,,
39,409,1/13/2022 11:03,1/13/2022 11:10,2D191E2D,38.504041,-106.01858,,,,
39,410,1/13/2022 11:03,1/13/2022 11:10,4B076661,38.504041,-106.01858,,,,
39,411,1/13/2022 11:03,1/13/2022 11:10,2D665219,38.504041,-106.01858,,,,
39,412,1/13/2022 11:03,1/13/2022 11:10,78782A4B,38.504041,-106.01858,,,,
39,413,1/13/2022 11:03,1/13/2022 11:10,332A2D4B,38.504041,-106.01858,,,,
39,414,1/13/2022 11:03,1/13/2022 11:10,33343466,38.504041,-106.01858,,,,
39,415,1/13/2022 11:03,1/13/2022 11:10,2D662D4C,38.504041,-106.01858,,,,
39,416,1/13/2022 11:03,1/13/2022 11:10,34191952,38.504041,-106.01858,,,,
39,417,1/13/2022 11:03,1/13/2022 11:10,78523378,38.504041,-106.01858,,,,
39,418,1/13/2022 11:03,1/13/2022 11:10,52344C2D,38.504041,-106.01858,,,,
40,419,1/13/2022 11:15,1/13/2022 11:23,192D2A1E,38.503893,-106.016756,,,,
40,420,1/13/2022 11:15,1/13/2022 11:23,2D191E2D,38.503893,-106.016756,,,,
40,421,1/13/2022 11:15,1/13/2022 11:23,4B076661,38.503893,-106.016756,,,,
40,422,1/13/2022 11:15,1/13/2022 11:23,2D665219,38.503893,-106.016756,,,,
40,423,1/13/2022 11:15,1/13/2022 11:23,78782A4B,38.503893,-106.016756,,,,
40,424,1/13/2022 11:15,1/13/2022 11:23,332A2D4B,38.503893,-106.016756,,,,
40,425,1/13/2022 11:15,1/13/2022 11:23,33343466,38.503893,-106.016756,,,,
40,426,1/13/2022 11:15,1/13/2022 11:23,2D662D4C,38.503893,-106.016756,,,,
40,427,1/13/2022 11:15,1/13/2022 11:23,34191952,38.503893,-106.016756,,,,
40,428,1/13/2022 11:15,1/13/2022 11:23,78523378,38.503893,-106.016756,,,,
40,429,1/13/2022 11:15,1/13/2022 11:23,52344C2D,38.503893,-106.016756,,,,
41,430,1/13/2022 11:31,1/13/2022 11:39,192D2A1E,38.504027,-106.014614,,,,
41,431,1/13/2022 11:31,1/13/2022 11:39,2D191E2D,38.504027,-106.014614,,,,
41,432,1/13/2022 11:31,1/13/2022 11:39,4B076661,38.504027,-106.014614,,,,
41,433,1/13/2022 11:31,1/13/2022 11:39,2D665219,38.504027,-106.014614,,,,
41,434,1/13/2022 11:31,1/13/2022 11:39,78782A4B,38.504027,-106.014614,,,,
41,435,1/13/2022 11:31,1/13/2022 11:39,332A2D4B,38.504027,-106.014614,,,,
41,436,1/13/2022 11:31,1/13/2022 11:39,33343466,38.504027,-106.014614,,,,
41,437,1/13/2022 11:31,1/13/2022 11:39,2D662D4C,38.504027,-106.014614,,,,
41,438,1/13/2022 11:31,1/13/2022 11:39,34191952,38.504027,-106.014614,,,,
41,439,1/13/2022 11:31,1/13/2022 11:39,78523378,38.504027,-106.014614,,,,
41,440,1/13/2022 11:31,1/13/2022 11:39,52344C2D,38.504027,-106.014614,,,,
42,441,1/13/2022 11:46,1/13/2022 11:54,192D2A1E,38.503818,-106.013298,,,,
42,442,1/13/2022 11:46,1/13/2022 11:54,2D191E2D,38.503818,-106.013298,,,,
42,443,1/13/2022 11:46,1/13/2022 11:54,4B076661,38.503818,-106.013298,,,,
42,444,1/13/2022 11:46,1/13/2022 11:54,2D665219,38.503818,-106.013298,,,,
42,445,1/13/2022 11:46,1/13/2022 11:54,78782A4B,38.503818,-106.013298,,,,
42,446,1/13/2022 11:46,1/13/2022 11:54,332A2D4B,38.503818,-106.013298,,,,
42,447,1/13/2022 11:46,1/13/2022 11:54,33343466,38.503818,-106.013298,,,,
42,448,1/13/2022 11:46,1/13/2022 11:54,2D662D4C,38.503818,-106.013298,,,,
42,449,1/13/2022 11:46,1/13/2022 11:54,34191952,38.503818,-106.013298,,,,
42,450,1/13/2022 11:46,1/13/2022 11:54,78523378,38.503818,-106.013298,,,,
42,451,1/13/2022 11:46,1/13/2022 11:54,52344C2D,38.503818,-106.013298,,,,
43,452,1/13/2022 11:59,1/13/2022 12:06,192D2A1E,38.502888,-106.01421,,,,
43,453,1/13/2022 11:59,1/13/2022 12:06,2D191E2D,38.502888,-106.01421,,,,
43,454,1/13/2022 11:59,1/13/2022 12:06,4B076661,38.502888,-106.01421,,,,
43,455,1/13/2022 11:59,1/13/2022 12:06,2D665219,38.502888,-106.01421,,,,
43,456,1/13/2022 11:59,1/13/2022 12:06,78782A4B,38.502888,-106.01421,,,,
43,457,1/13/2022 11:59,1/13/2022 12:06,332A2D4B,38.502888,-106.01421,,,,
43,458,1/13/2022 11:59,1/13/2022 12:06,33343466,38.502888,-106.01421,,,,
43,459,1/13/2022 11:59,1/13/2022 12:06,2D662D4C,38.502888,-106.01421,,,,
43,460,1/13/2022 11:59,1/13/2022 12:06,34191952,38.502888,-106.01421,,,,
43,461,1/13/2022 11:59,1/13/2022 12:06,78523378,38.502888,-106.01421,,,,
43,462,1/13/2022 11:59,1/13/2022 12:06,52344C2D,38.502888,-106.01421,,,,
44,463,1/13/2022 12:17,1/13/2022 12:24,192D2A1E,38.502904,-106.015787,,,,
44,464,1/13/2022 12:17,1/13/2022 12:24,2D191E2D,38.502904,-106.015787,,,,
44,465,1/13/2022 12:17,1/13/2022 12:24,4B076661,38.502904,-106.015787,,,,
44,466,1/13/2022 12:17,1/13/2022 12:24,2D665219,38.502904,-106.015787,,,,
44,467,1/13/2022 12:17,1/13/2022 12:24,78782A4B,38.502904,-106.015787,,,,
44,468,1/13/2022 12:17,1/13/2022 12:24,332A2D4B,38.502904,-106.015787,,,,
44,469,1/13/2022 12:17,1/13/2022 12:24,33343466,38.502904,-106.015787,,,,
44,470,1/13/2022 12:17,1/13/2022 12:24,2D662D4C,38.502904,-106.015787,,,,
44,471,1/13/2022 12:17,1/13/2022 12:24,34191952,38.502904,-106.015787,,,,
44,472,1/13/2022 12:17,1/13/2022 12:24,78523378,38.502904,-106.015787,,,,
44,473,1/13/2022 12:17,1/13/2022 12:24,52344C2D,38.502904,-106.015787,,,,
